rang;punkte;ort;quelle;wandler;eta;kw_el;kwh_jahr;invest;lcoe;neuheit;reife
1;81.7167;Stahlwerk;Flüssigschlacke 1400 °C;Dampfkolbenmotor;0.3048;1523.7796;13348309.3116;5734173.5067;0.0387;0.5;0.8
2;81.6227;Autobahn-Gefällestrecke (LKW-Bremsen);LKW-Bremsenergie bergab;Lineargenerator;0.8;32.0;280320.0;212000.0;0.0681;0.75;0.8
3;81.5774;Stahlwerk;Flüssigschlacke 1400 °C;ORC-Turbine;0.3429;1714.2521;15016847.9755;7734134.234;0.0464;0.5;0.9
4;79.4839;Fernwärmenetz;Rücklauf 50 °C vs. Grundwasser;ORC-Turbine;0.0557;167.1051;1463840.3218;870760.0697;0.0535;0.5;0.9
5;79.419;Glas-/Zementwerk;Klinkerkühler-Abluft;Thermoakustik-Motor;0.129;258.0522;2260537.1308;1877975.724;0.0748;0.75;0.4
6;78.5983;Müllverbrennung;Rauchgas nach Kessel;Thermoakustik-Motor;0.0993;148.9573;1304865.9384;1092492.5521;0.0754;0.75;0.4
7;77.2192;Stahlwerk;Flüssigschlacke 1400 °C;Thermoakustik-Motor;0.2286;1142.8347;10011231.9837;10305512.312;0.0926;0.75;0.4
8;76.9864;Gasnetz-Druckregelstation;Erdgas-Entspannung;Druckluft-Kolbenmotor;0.4;80.0;700800.0;228000.0;0.0293;0.4;0.7
9;76.9164;Bergwerk/Stollen;Schachtförderung abwärts;Lineargenerator;0.8;8.0;70080.0;68000.0;0.0873;0.75;0.8
10;76.7965;Glas-/Zementwerk;Ofenmantel-Abstrahlung;Thermoakustik-Motor;0.129;51.6104;452107.4262;391595.1448;0.078;0.75;0.4
11;76.4337;Rechenzentrum;Server-Abwärme Flüssigkühlung;ORC-Turbine;0.0608;121.5669;1064925.7091;603520.9365;0.051;0.4;0.9
12;75.4923;Industriebetrieb;Abgas 200–400 °C;Thermoakustik-Motor;0.1413;42.3973;371400.157;350698.77;0.085;0.75;0.4
13;75.3819;Rechenzentrum;Server-Abwärme Flüssigkühlung;Kalina-Kreisprozess;0.0675;135.0743;1183250.7879;776416.0288;0.0591;0.5;0.6
14;75.3514;Fernwärmenetz;Rücklauf 50 °C vs. Grundwasser;Kalina-Kreisprozess;0.0619;185.6723;1626489.2465;1122837.1274;0.0621;0.5;0.6
15;75.2256;Glas-/Zementwerk;Klinkerkühler-Abluft;Dampfkolbenmotor;0.172;344.0696;3014049.5078;1052208.7355;0.0314;0.25;0.8
16;74.4265;Müllverbrennung;Rauchgas nach Kessel;Dampfkolbenmotor;0.1324;198.6097;1739821.2512;615829.1956;0.0319;0.25;0.8
17;74.2033;Molkerei/Brauerei;Brüden/Dampfschwaden;ORC-Turbine;0.0978;29.3359;256982.2083;152011.4084;0.0532;0.4;0.9
18;73.9607;Rechenzentrum;Server-Abwärme Flüssigkühlung;Thermoakustik-Motor;0.0405;81.0446;709950.4728;798027.9154;0.1012;0.75;0.4
19;73.9127;Autobahn-Gefällestrecke (LKW-Bremsen);LKW-Bremsenergie bergab;Elektromotor rekuperativ;0.85;34.0;297840.0;142400.0;0.043;0.3;1.0
20;73.6821;Biogasanlage;BHKW-Abgas nach Wärmetauscher;Thermoakustik-Motor;0.0993;14.8957;130486.5938;127249.2552;0.0878;0.75;0.4
21;73.6019;Fernwärmenetz;Rücklauf 50 °C vs. Grundwasser;Thermoakustik-Motor;0.0371;111.4034;975893.5479;1154346.7596;0.1065;0.75;0.4
22;73.3148;Deponie;Deponie-Innenwärme 50 °C;ORC-Turbine;0.0557;11.1403;97589.3548;76717.338;0.0708;0.5;0.9
23;73.3063;Molkerei/Brauerei;Brüden/Dampfschwaden;Kalina-Kreisprozess;0.1087;32.5954;285535.787;191125.8998;0.0602;0.5;0.6
24;73.0143;Glas-/Zementwerk;Ofenmantel-Abstrahlung;ORC-Turbine;0.1935;77.4157;678161.1393;298696.3586;0.0396;0.25;0.9
25;72.721;Glas-/Zementwerk;Ofenmantel-Abstrahlung;Dampfkolbenmotor;0.172;68.8139;602809.9016;226441.7471;0.0338;0.25;0.8
26;72.683;Krankenhaus;Sterilisation-/Küchenabwärme;ORC-Turbine;0.0721;10.8189;94773.4227;78716.292;0.0748;0.5;0.9
27;72.3344;Molkerei/Brauerei;Reinigungsabwasser warm;ORC-Turbine;0.0617;12.3419;108115.1912;94051.5008;0.0783;0.5;0.9
28;72.1849;Skigebiet;Seilbahn talwärts beladen;Lineargenerator;0.8;4.0;35040.0;44000.0;0.113;0.75;0.8
29;72.1557;Rechenzentrum;Server-Abwärme Flüssigkühlung;Stirlingmotor;0.0473;94.552;828275.5516;776416.0288;0.0844;0.5;0.7
30;72.0008;Wäscherei;Waschabwasser;ORC-Turbine;0.0675;10.1306;88743.8091;77664.2257;0.0788;0.5;0.9
31;71.9816;Industriebetrieb;Abgas 200–400 °C;Dampfkolbenmotor;0.1884;56.5297;495200.2094;203721.5389;0.037;0.25;0.8
32;71.93;Fernwärmenetz;Rücklauf 50 °C vs. Grundwasser;Stirlingmotor;0.0433;129.9706;1138542.4725;1122837.1274;0.0888;0.5;0.7
33;71.7933;Molkerei/Brauerei;Brüden/Dampfschwaden;Thermoakustik-Motor;0.0652;19.5572;171321.4722;196015.2112;0.103;0.75;0.4
34;71.5739;Kiesgrube/Steinbruch;Schüttgut bergab (Band/LKW);Elektromotor rekuperativ;0.85;21.25;186150.0;71000.0;0.0343;0.2;1.0
35;71.3345;Autobahn-Gefällestrecke (LKW-Bremsen);LKW-Bremsenergie bergab;Hydraulikspeicher + Generator;0.6;24.0;210240.0;149600.0;0.064;0.4;0.8
36;70.9289;Müllverbrennung;Rauchgas nach Kessel;Kalina-Kreisprozess;0.1655;248.2622;2174776.5641;1062701.0924;0.044;0.25;0.6
37;70.8863;Glas-/Zementwerk;Klinkerkühler-Abluft;ORC-Turbine;0.1935;387.0783;3390805.6963;1413481.793;0.0375;0.1;0.9
38;70.5011;Industriebetrieb;Druckluft-Abblasen;Gasexpansionsturbine;0.75;7.5;65700.0;48125.0;0.0659;0.4;0.9
39;70.1877;Müllverbrennung;Rauchgas nach Kessel;ORC-Turbine;0.149;223.4359;1957298.9076;824369.4141;0.0379;0.1;0.9
40;70.1212;Gasnetz-Druckregelstation;Erdgas-Entspannung;Gasexpansionsturbine;0.75;150.0;1314000.0;507500.0;0.0348;0.1;0.9
41;70.0048;Molkerei/Brauerei;Brüden/Dampfschwaden;Stirlingmotor;0.0761;22.8168;199875.0509;191125.8998;0.0861;0.5;0.7
42;69.981;Glas-/Zementwerk;Klinkerkühler-Abluft;Kalina-Kreisprozess;0.215;430.087;3767561.8847;1826365.2872;0.0436;0.2;0.6
43;69.9701;Biogasanlage;BHKW-Abgas nach Wärmetauscher;Dampfkolbenmotor;0.1324;19.861;173982.1251;79582.9196;0.0412;0.25;0.8
44;69.968;Kiesgrube/Steinbruch;Schüttgut bergab (Band/LKW);Lineargenerator;0.8;20.0;175200.0;100000.0;0.0514;0.3;0.8
45;69.9376;Stahlwerk;Flüssigschlacke 1400 °C;Kalina-Kreisprozess;0.3809;1904.7245;16685386.6394;10019803.6366;0.054;0.25;0.6
46;69.6851;Kiesgrube/Steinbruch;Schüttgut bergab (Band/LKW);Hydraulikspeicher + Generator;0.6;15.0;131400.0;74000.0;0.0507;0.3;0.8
47;69.5097;Bahntrasse;Sonne Gleisbett;Photovoltaik;0.2;12.0;105120.0;74000.0;0.0634;0.3;1.0
48;69.5028;Bahntunnel (Basistunnel);Gebirgswärme 40 °C Fels/Wasser;Thermoakustik-Motor;0.0287;43.1103;377646.4953;526871.8995;0.1256;0.75;0.4
49;69.4683;Glas-/Zementwerk;Klinkerkühler-Abluft;Stirlingmotor;0.1505;301.0609;2637293.3193;1826365.2872;0.0623;0.25;0.7
50;69.4373;Deponie;Deponie-Innenwärme 50 °C;Kalina-Kreisprozess;0.0619;12.3782;108432.6164;93522.4752;0.0776;0.5;0.6
51;69.2812;Glas-/Zementwerk;Ofenmantel-Abstrahlung;Kalina-Kreisprozess;0.215;86.0174;753512.3769;381273.0574;0.0455;0.25;0.6
52;69.264;Stahlwerk;Walzwerk-Kühlwasser;Thermoakustik-Motor;0.0283;84.8656;743422.9137;1100962.9417;0.1333;0.75;0.4
53;68.7284;Krankenhaus;Sterilisation-/Küchenabwärme;Kalina-Kreisprozess;0.0801;12.021;105303.803;96113.7119;0.0821;0.5;0.6
54;68.66;Müllverbrennung;Rauchgas nach Kessel;Stirlingmotor;0.1159;173.7835;1522343.5948;1062701.0924;0.0628;0.25;0.7
55;68.4615;Hackschnitzel-/Kompostplatz;Rottewärme;ORC-Turbine;0.0732;4.3915;38469.9098;40655.9568;0.0951;0.5;0.9
56;68.3086;Industriebetrieb;Kühlwasser 30–60 °C;Thermoakustik-Motor;0.0325;25.9941;227708.4945;326535.4451;0.1291;0.75;0.4
57;68.2923;Bahntunnel (Basistunnel);Gebirgswärme 40 °C Fels/Wasser;Stirlingmotor;0.0335;50.2954;440587.5778;512792.1245;0.1047;0.5;0.7
58;68.2524;Stahlwerk;Walzwerk-Kühlwasser;Stirlingmotor;0.033;99.0099;867326.7327;1070936.1933;0.1111;0.5;0.7
59;68.1998;Molkerei/Brauerei;Reinigungsabwasser warm;Kalina-Kreisprozess;0.0686;13.7132;120127.9902;115992.6863;0.0869;0.5;0.6
60;67.9981;Wäscherei;Waschabwasser;Kalina-Kreisprozess;0.075;11.2562;98604.2323;94749.9222;0.0865;0.5;0.6
61;67.7011;Kläranlage;Abwassergefälle Zulauf;Wasserrad/Strömungsrotor;0.4;3.2;28032.0;44000.0;0.1413;0.75;0.8
62;67.5799;Kiesgrube/Steinbruch;Grundwasser-Abpumpung Rücklauf;Wasserturbine/Pumpe als Turbine;0.7;2.1;18396.0;31025.0;0.1518;0.75;1.0
63;67.5335;Kläranlage;Faulgas;Gasmotor-BHKW;0.38;57.0;499320.0;122600.0;0.0221;0.0;1.0
64;67.5061;Stahlwerk;Flüssigschlacke 1400 °C;Stirlingmotor;0.2667;1333.3072;11679770.6476;10019803.6366;0.0772;0.25;0.7
65;67.502;Bäckerei;Backofen-Abgas;Thermoakustik-Motor;0.1141;6.8477;59986.0509;81629.5044;0.1225;0.75;0.4
66;67.1734;Industriebetrieb;Kühlwasser 30–60 °C;Stirlingmotor;0.0379;30.3265;265659.9103;318020.5716;0.1077;0.5;0.7
67;66.9917;Deponie;Deponiegas;Gasmotor-BHKW;0.38;38.0;332880.0;88400.0;0.0239;0.0;1.0
68;66.9132;Glas-/Zementwerk;Ofenmantel-Abstrahlung;Stirlingmotor;0.1505;60.2122;527458.6639;381273.0574;0.0651;0.25;0.7
69;66.9088;Industriebetrieb;Abgas 200–400 °C;Kalina-Kreisprozess;0.2355;70.6621;619000.2617;341512.693;0.0497;0.2;0.6
70;66.7484;Biogasanlage;BHKW-Abgas nach Wärmetauscher;Kalina-Kreisprozess;0.1655;24.8262;217477.6564;124270.1092;0.0514;0.25;0.6
71;66.375;Bäckerei;Backofen-Abgas;ORC-Turbine;0.1712;10.2716;89979.0764;66222.1283;0.0662;0.25;0.9
72;66.2562;Kiesgrube/Steinbruch;Sonne auf Baggersee;Photovoltaik;0.2;30.0;262800.0;155000.0;0.0531;0.1;1.0
73;66.1576;Deponie;Deponie-Innenwärme 50 °C;Thermoakustik-Motor;0.0371;7.4269;65059.5699;95623.1173;0.1323;0.75;0.4
74;66.1262;Bäckerei;Backofen-Abgas;Stirlingmotor;0.1332;7.989;69983.7261;79917.5737;0.1028;0.5;0.7
75;65.9887;Bäckerei;Backofen-Abgas;Dampfkolbenmotor;0.1522;9.1303;79981.4012;54238.6135;0.061;0.25;0.8
76;65.9799;Kläranlage;Faulgas;Brennstoffzelle (SOFC);0.5;75.0;657000.0;560000.0;0.0767;0.3;0.6
77;65.6768;Bergwerk/Stollen;Schachtförderung abwärts;Hydraulikspeicher + Generator;0.6;6.0;52560.0;52400.0;0.0897;0.4;0.8
78;65.2512;Industriebetrieb;Druckluft-Abblasen;Druckluft-Kolbenmotor;0.4;4.0;35040.0;32000.0;0.0822;0.4;0.7
79;65.2351;Deponie;Deponiegas;Brennstoffzelle (SOFC);0.5;50.0;438000.0;380000.0;0.0781;0.3;0.6
80;65.2056;Rinder-/Schweinestall;Gülle;Brennstoffzelle (SOFC);0.5;15.0;131400.0;128000.0;0.0877;0.4;0.6
81;65.1023;Hackschnitzel-/Kompostplatz;Rottewärme;Kalina-Kreisprozess;0.0813;4.8795;42744.3442;46776.2404;0.0985;0.5;0.6
82;65.0322;Deponie;Deponie-Innenwärme 50 °C;Stirlingmotor;0.0433;8.6647;75902.8315;93522.4752;0.1109;0.5;0.7
83;65.028;Skigebiet;Speicherteich Schmelzwasser;Wasserrad/Strömungsrotor;0.4;12.0;105120.0;200000.0;0.1712;0.75;0.8
84;64.9737;Krankenhaus;Sterilisation-/Küchenabwärme;Thermoakustik-Motor;0.0481;7.2126;63182.2818;98288.3893;0.14;0.75;0.4
85;64.8273;Fluss/Bach;Strömung ohne Staustufe;Wasserturbine/Pumpe als Turbine;0.7;10.5;91980.0;75125.0;0.0735;0.2;1.0
86;64.7095;Industriebetrieb;Abgas 200–400 °C;ORC-Turbine;0.212;63.5959;557100.2355;268024.0775;0.0433;0.0;0.9
87;64.5343;Glas-/Zementwerk;Ofenmantel-Abstrahlung;Thermoelektrik (TEG);0.0516;20.6442;180842.9705;218184.0772;0.1086;0.4;0.8
88;64.4172;Rinder-/Schweinestall;Gülle;Gasmotor-BHKW;0.38;11.4;99864.0;40520.0;0.0365;0.0;1.0
89;64.2795;Industriebetrieb;Abgas 200–400 °C;Stirlingmotor;0.1649;49.4635;433300.1832;341512.693;0.0709;0.2;0.7
90;64.0362;Krankenhaus;Sterilisation-/Küchenabwärme;Stirlingmotor;0.0561;8.4147;73712.6621;96113.7119;0.1174;0.5;0.7
91;64.0065;Biogasanlage;BHKW-Abgas nach Wärmetauscher;Stirlingmotor;0.1159;17.3784;152234.3595;124270.1092;0.0735;0.25;0.7
92;63.9269;Molkerei/Brauerei;Reinigungsabwasser warm;Thermoakustik-Motor;0.0411;8.2279;72076.7941;118735.3345;0.1483;0.75;0.4
93;63.8943;Landwirtschaft Feld;Sonne Agri-PV;Photovoltaik;0.2;40.0;350400.0;200000.0;0.0514;0.0;1.0
94;63.8023;Rechenzentrum;Server-Abwärme Flüssigkühlung;Thermoelektrik (TEG);0.0162;32.4178;283980.1891;434948.2215;0.1378;0.5;0.8
95;63.7928;Wäscherei;Waschabwasser;Thermoakustik-Motor;0.045;6.7537;59162.5394;96885.6342;0.1474;0.75;0.4
96;63.5609;Fernwärmenetz;Differenzdruck Übergabestation;Wasserturbine/Pumpe als Turbine;0.7;3.5;30660.0;38375.0;0.1126;0.4;1.0
97;63.3742;Bergwerk/Stollen;Schachtförderung abwärts;Elektromotor rekuperativ;0.85;8.5;74460.0;50600.0;0.0612;0.1;1.0
98;63.3646;Glas-/Zementwerk;Klinkerkühler-Abluft;Thermoelektrik (TEG);0.0516;103.2209;904214.8523;1010920.3861;0.1006;0.25;0.8
99;63.3015;Fernwärmenetz;Rücklauf 50 °C vs. Grundwasser;Thermoelektrik (TEG);0.0149;44.5613;390357.4192;624984.9385;0.1441;0.5;0.8
100;63.2056;Molkerei/Brauerei;Reinigungsabwasser warm;Stirlingmotor;0.048;9.5993;84089.5932;115992.6863;0.1241;0.5;0.7
101;63.0306;Wäscherei;Waschabwasser;Stirlingmotor;0.0525;7.8793;69022.9626;94749.9222;0.1235;0.5;0.7
102;62.8846;Biogasanlage;BHKW-Abgas nach Wärmetauscher;ORC-Turbine;0.149;22.3436;195729.8908;100436.9414;0.0462;0.0;0.9
103;62.6706;Bäckerei;Backofen-Abgas;Kalina-Kreisprozess;0.1902;11.4129;99976.7516;79917.5737;0.0719;0.25;0.6
104;62.5792;Straßentunnel;Bergwasser 20–30 °C;Stirlingmotor;0.0232;18.5954;162895.567;243144.6123;0.1343;0.5;0.7
105;62.4727;Logistik-/Lagerhalle;Sonne Dach;Photovoltaik;0.2;22.0;192720.0;119000.0;0.0556;0.0;1.0
106;62.4144;Müllverbrennung;Rauchgas nach Kessel;Thermoelektrik (TEG);0.0397;59.5829;521946.3754;591996.0278;0.1021;0.25;0.8
107;62.1597;Bergwerk/Stollen;Grubenwasser warm;Stirlingmotor;0.0254;12.7;111251.8555;165307.5099;0.1337;0.5;0.7
108;61.613;Stahlwerk;Flüssigschlacke 1400 °C;Thermoelektrik (TEG);0.0914;457.1339;4004492.7935;5505606.5664;0.1237;0.25;0.8
109;61.4505;Kläranlage;Abwassergefälle Zulauf;Wasserturbine/Pumpe als Turbine;0.7;5.6;49056.0;49400.0;0.0906;0.2;1.0
110;61.3207;Eishalle;Kältemaschinen-Abwärme;Thermoakustik-Motor;0.0287;11.4961;100705.7321;188957.2998;0.1689;0.75;0.4
111;61.2031;Trinkwasser-Hochbehälter;Wasser-Überdruck statt Druckminderer;Wasserturbine/Pumpe als Turbine;0.7;21.0;183960.0;130250.0;0.0637;0.0;1.0
112;61.1333;Eishalle;Kältemaschinen-Abwärme;Stirlingmotor;0.0335;13.4121;117490.0208;184264.0415;0.1412;0.5;0.7
113;60.4747;Skigebiet;Beschneiungswasser Druck talwärts;Wasserturbine/Pumpe als Turbine;0.7;35.0;306600.0;387500.0;0.1137;0.2;1.0
114;60.2766;Glas-/Zementwerk;Klinkerkühler-Abluft;Formgedächtnis-Motor (Nitinol);0.043;86.0174;753512.3769;1568313.1033;0.1873;0.75;0.3
115;60.1679;Molkerei/Brauerei;Brüden/Dampfschwaden;Thermoelektrik (TEG);0.0261;7.8229;68528.5889;113874.7793;0.1496;0.5;0.8
116;59.8082;Wasserstoff-Tankstelle;H2-Druckabbau 900→350 bar;Gasexpansionsturbine;0.75;3.75;32850.0;48125.0;0.1318;0.4;0.9
117;59.7946;Hackschnitzel-/Kompostplatz;Rottewärme;Thermoakustik-Motor;0.0488;2.9277;25646.6065;47541.2758;0.1668;0.75;0.4
118;59.7335;Industriebetrieb;Abgas 200–400 °C;Thermoelektrik (TEG);0.0565;16.9589;148560.0628;196372.6773;0.119;0.3;0.8
119;59.677;Skigebiet;Seilbahn talwärts beladen;Hydraulikspeicher + Generator;0.6;3.0;26280.0;36200.0;0.124;0.4;0.8
120;59.6122;Schiffsschleuse;Schleusenwasser Ablassen;Wasserrad/Strömungsrotor;0.4;24.0;210240.0;500000.0;0.214;0.75;0.8
121;59.3724;Hackschnitzel-/Kompostplatz;Rottewärme;Stirlingmotor;0.0569;3.4156;29921.041;46776.2404;0.1407;0.5;0.7
122;59.2832;Müllverbrennung;Rauchgas nach Kessel;Formgedächtnis-Motor (Nitinol);0.0331;49.6524;434955.3128;913743.7934;0.1891;0.75;0.3
123;58.6995;Gebäudefassade Hochhaus;Sonne Fassade;Photovoltaik;0.2;8.0;70080.0;56000.0;0.0719;0.0;1.0
124;58.6995;Parkhaus;Sonne Oberdeck;Photovoltaik;0.2;8.0;70080.0;56000.0;0.0719;0.0;1.0
125;58.5361;Schiffsschleuse;Schleusenwasser Ablassen;Wasserturbine/Pumpe als Turbine;0.7;42.0;367920.0;608000.0;0.1487;0.3;1.0
126;58.456;Gasnetz-Druckregelstation;Entspannungskälte;ORC-Turbine;0.0636;2.5428;22275.1192;34024.7631;0.1375;0.4;0.9
127;58.3948;Gasnetz-Druckregelstation;Entspannungskälte;Kalina-Kreisprozess;0.0706;2.8254;24750.1324;38180.2485;0.1388;0.5;0.6
128;57.7539;Bahntunnel (Basistunnel);Gebirgswärme 40 °C Fels/Wasser;Thermoelektrik (TEG);0.0115;17.2441;151058.5981;290331.6797;0.173;0.5;0.8
129;57.5391;Stahlwerk;Walzwerk-Kühlwasser;Thermoelektrik (TEG);0.0113;33.9463;297369.1655;596513.5689;0.1805;0.5;0.8
130;56.7104;Glas-/Zementwerk;Ofenmantel-Abstrahlung;Formgedächtnis-Motor (Nitinol);0.043;17.2035;150702.4754;329662.6207;0.1969;0.75;0.3
131;56.5009;Baustelle;Bagger-Hydraulik absenken;Lineargenerator;0.8;1.6;14016.0;32800.0;0.2106;0.75;0.8
132;56.2123;Skigebiet;Speicherteich Schmelzwasser;Wasserturbine/Pumpe als Turbine;0.7;21.0;183960.0;240500.0;0.1177;0.1;1.0
133;56.2;Biogasanlage;Gärrest warm;Stirlingmotor;0.0335;3.353;29372.5052;52852.8083;0.1619;0.5;0.7
134;55.9982;Biogasanlage;Gärrest warm;Thermoakustik-Motor;0.0287;2.874;25176.433;53791.46;0.1923;0.75;0.4
135;55.8666;Skigebiet;Seilbahn talwärts beladen;Elektromotor rekuperativ;0.85;4.25;37230.0;35300.0;0.0853;0.0;1.0
136;55.8445;Industriebetrieb;Kühlwasser 30–60 °C;Thermoelektrik (TEG);0.013;10.3976;91083.3978;183485.5707;0.1813;0.5;0.8
137;55.7371;Rinder-/Schweinestall;Mist-Kompostwärme;ORC-Turbine;0.0675;1.6884;14790.6348;28329.277;0.1724;0.5;0.9
138;55.618;Stahlwerk;Flüssigschlacke 1400 °C;Formgedächtnis-Motor (Nitinol);0.0762;380.9449;3337077.3279;8591260.26;0.2317;0.75;0.3
139;55.4079;Autobahn (1 km);Sonne auf Lärmschutzwand;Photovoltaik;0.2;3.4;29784.0;35300.0;0.1067;0.1;1.0
140;54.7393;Biogasanlage;BHKW-Abgas nach Wärmetauscher;Thermoelektrik (TEG);0.0397;5.9583;52194.6375;77199.6028;0.1331;0.25;0.8
141;53.78;Industriebetrieb;Abgas 200–400 °C;Formgedächtnis-Motor (Nitinol);0.0471;14.1324;123800.0523;295582.3083;0.2149;0.75;0.3
142;53.4804;Fluss/Bach;Strömung ohne Staustufe;Wasserrad/Strömungsrotor;0.4;6.0;52560.0;65000.0;0.1113;0.1;0.8
143;53.4567;Aufzug Hochhaus;Kabine abwärts beladen;Lineargenerator;0.8;1.6;14016.0;36000.0;0.2312;0.75;0.8
144;53.4294;Rinder-/Schweinestall;Mist-Kompostwärme;Kalina-Kreisprozess;0.075;1.876;16434.0387;30797.211;0.1687;0.5;0.6
145;52.9439;Kühlhaus;Kondensator-Abwärme;Stirlingmotor;0.0284;4.2593;37311.3743;77144.3626;0.1861;0.5;0.7
146;52.1484;Wasserstoff-Tankstelle;H2-Druckabbau 900→350 bar;Druckluft-Kolbenmotor;0.4;2.0;17520.0;32000.0;0.1644;0.4;0.7
147;51.0717;Baustelle;Bagger-Hydraulik absenken;Elektromotor rekuperativ;0.85;1.7;14892.0;28160.0;0.1702;0.3;1.0
148;50.6884;Biogasanlage;BHKW-Abgas nach Wärmetauscher;Formgedächtnis-Motor (Nitinol);0.0331;4.9652;43495.5313;109374.3793;0.2263;0.75;0.3
149;50.5355;Kiesgrube/Steinbruch;Grundwasser-Abpumpung Rücklauf;Wasserrad/Strömungsrotor;0.4;1.2;10512.0;29000.0;0.2483;0.75;0.8
150;50.1189;Deponie;Deponie-Innenwärme 50 °C;Thermoelektrik (TEG);0.0149;2.9708;26023.8279;60332.3292;0.2087;0.5;0.8
151;50.1031;Gasnetz-Druckregelstation;Entspannungskälte;Stirlingmotor;0.0494;1.9778;17325.0927;38180.2485;0.1983;0.5;0.7
152;49.1442;Glas-/Zementwerk;Klinkerkühler-Abluft;Thermomagnetischer Generator (Curie);0.043;86.0174;753512.3769;2084417.4711;0.249;0.75;0.1
153;49.0335;Gasnetz-Druckregelstation;Entspannungskälte;Thermoakustik-Motor;0.0424;1.6952;14850.0795;38699.6842;0.2345;0.75;0.4
154;48.8236;Rechenzentrum;Server-Abwärme Flüssigkühlung;Formgedächtnis-Motor (Nitinol);0.0135;27.0149;236650.1576;668356.5961;0.2542;0.75;0.3
155;48.4114;Krankenhaus;Sterilisation-/Küchenabwärme;Thermoelektrik (TEG);0.0192;2.885;25272.9127;61753.8076;0.2199;0.5;0.8
156;48.1507;Müllverbrennung;Rauchgas nach Kessel;Thermomagnetischer Generator (Curie);0.0331;49.6524;434955.3128;1211658.3913;0.2507;0.75;0.1
157;48.0522;Straßentunnel;Bergwasser 20–30 °C;Thermoelektrik (TEG);0.008;6.3756;55849.9087;142410.7588;0.2295;0.5;0.8
158;47.5646;Molkerei/Brauerei;Reinigungsabwasser warm;Thermoelektrik (TEG);0.0165;3.2912;28830.7177;72658.845;0.2268;0.5;0.8
159;47.34;Fernwärmenetz;Rücklauf 50 °C vs. Grundwasser;Formgedächtnis-Motor (Nitinol);0.0124;37.1345;325297.8493;965288.9663;0.2671;0.75;0.3
160;46.7303;Baustelle;Kranlast absenken;Lineargenerator;0.8;1.2;10512.0;32000.0;0.274;0.75;0.8
161;46.6862;Bergwerk/Stollen;Grubenwasser warm;Thermoelektrik (TEG);0.0087;4.3543;38143.4933;99711.5483;0.2353;0.5;0.8
162;46.5314;Wäscherei;Waschabwasser;Thermoelektrik (TEG);0.018;2.7015;23665.0158;61005.6716;0.232;0.5;0.8
163;46.1067;Rinder-/Schweinestall;Tierwärme Abluft;Stirlingmotor;0.0261;2.0871;18282.7715;45869.3153;0.2258;0.5;0.7
164;45.6643;Molkerei/Brauerei;Brüden/Dampfschwaden;Formgedächtnis-Motor (Nitinol);0.0217;6.5191;57107.1574;166679.3427;0.2627;0.75;0.3
165;45.578;Glas-/Zementwerk;Ofenmantel-Abstrahlung;Thermomagnetischer Generator (Curie);0.043;17.2035;150702.4754;432883.4942;0.2585;0.75;0.1
166;45.1677;Eishalle;Kältemaschinen-Abwärme;Thermoelektrik (TEG);0.0115;4.5984;40282.2928;110110.5599;0.246;0.5;0.8
167;44.9782;Rechenzentrum;Kühlturm-Abluft;Kleinwindturbine;0.3;0.9;7884.0;25400.0;0.29;0.75;0.9
168;44.0432;Bäckerei;Backofen-Abgas;Thermoelektrik (TEG);0.0457;2.7391;23994.4204;52869.069;0.1983;0.25;0.8
169;43.2443;Rinder-/Schweinestall;Mist-Kompostwärme;Stirlingmotor;0.0525;1.3132;11503.8271;30797.211;0.2409;0.5;0.7
170;42.8918;Baustelle;Kranlast absenken;Elektromotor rekuperativ;0.85;1.275;11169.0;27650.0;0.2228;0.3;1.0
171;42.6655;Hallen-/Freibad;Duschabwasser;Stirlingmotor;0.0252;2.0187;17683.631;48871.0284;0.2487;0.5;0.7
172;41.8865;Industriebetrieb;Abgas 200–400 °C;Thermomagnetischer Generator (Curie);0.0471;14.1324;123800.0523;387443.0777;0.2817;0.75;0.1
173;41.4069;Straßentunnel;Tunnelluft vs. Außenluft Winter;Stirlingmotor;0.024;3.6064;31591.9629;92127.7692;0.2625;0.5;0.7
174;41.2993;Autowaschanlage;Hochdruckwasser-Rücklauf;Wasserturbine/Pumpe als Turbine;0.7;1.4;12264.0;34700.0;0.2546;0.4;1.0
175;41.2813;Gewächshaus;Sommer-Überschusswärme;Stirlingmotor;0.033;9.901;86732.6733;262523.7369;0.2724;0.5;0.7
176;41.172;Rinder-/Schweinestall;Mist-Kompostwärme;Thermoakustik-Motor;0.045;1.1256;9860.4232;31105.7027;0.2839;0.75;0.4
177;40.4921;Baustelle;Bagger-Hydraulik absenken;Hydraulikspeicher + Generator;0.6;1.2;10512.0;28640.0;0.2452;0.4;0.8
178;40.2452;Aufzug Hochhaus;Kabine abwärts beladen;Elektromotor rekuperativ;0.85;1.7;14892.0;30200.0;0.1825;0.0;1.0
179;39.556;Biogasanlage;BHKW-Abgas nach Wärmetauscher;Thermomagnetischer Generator (Curie);0.0331;4.9652;43495.5313;139165.8391;0.288;0.75;0.1
180;37.7524;Aufzug Hochhaus;Kabine abwärts beladen;Hydraulikspeicher + Generator;0.6;1.2;10512.0;30800.0;0.2637;0.4;0.8
181;36.5579;Straßentunnel;Lüftungs-/Kolbenwind;Kleinwindturbine;0.3;1.5;13140.0;38000.0;0.2603;0.3;0.9
182;35.2845;Baustelle;Sonne auf Bauzaun/Container;Photovoltaik;0.2;1.0;8760.0;24500.0;0.2517;0.2;1.0
183;13.35;Stahlwerk;Flüssigschlacke 1400 °C;Thermogalvanische Zelle;0.1524;761.8898;6674154.6558;34305041.0399;0.4626;0.75;0.2
184;13.0529;Glas-/Zementwerk;Klinkerkühler-Abluft;Thermogalvanische Zelle;0.086;172.0348;1507024.7539;6213252.4133;0.3711;0.75;0.2
185;13.05;Stahlwerk;Flüssigschlacke 1400 °C;Thermomagnetischer Generator (Curie);0.0762;380.9449;3337077.3279;11448347.0133;0.3088;0.75;0.1
186;12.8326;Müllverbrennung;Rauchgas nach Kessel;Thermogalvanische Zelle;0.0662;99.3049;869910.6256;3594975.1738;0.3719;0.75;0.2
187;12.7161;Fernwärmenetz;Rücklauf 50 °C vs. Grundwasser;Thermogalvanische Zelle;0.0248;74.2689;650595.6986;3801155.8654;0.5258;0.75;0.2
188;12.6292;Stahlwerk;Walzwerk-Kühlwasser;Formgedächtnis-Motor (Nitinol);0.0094;28.2885;247807.6379;920802.4514;0.3344;0.75;0.3
189;12.6103;Logistik-/Lagerhalle;Regalbediengerät absenken;Lineargenerator;0.8;0.64;5606.4;25120.0;0.4033;0.75;0.8
190;12.6071;Stahlwerk;Walzwerk-Kühlwasser;Thermogalvanische Zelle;0.0189;56.5771;495615.2758;3623209.8055;0.6579;0.75;0.2
191;12.5886;Rechenzentrum;Server-Abwärme Flüssigkühlung;Thermogalvanische Zelle;0.027;54.0297;473300.3152;2613426.3845;0.497;0.75;0.2
192;12.4465;Gewächshaus;Sommer-Überschusswärme;Thermoakustik-Motor;0.0283;8.4866;74342.2914;269452.9865;0.3262;0.75;0.4
193;12.4219;Fitnessstudio;Trainingsgeräte;Lineargenerator;0.8;0.4;3504.0;22400.0;0.5753;0.75;0.8
194;12.4077;Glas-/Zementwerk;Ofenmantel-Abstrahlung;Thermogalvanische Zelle;0.086;34.407;301404.9508;1258650.4827;0.3758;0.75;0.2
195;12.3577;Bahntunnel (Basistunnel);Gebirgswärme 40 °C Fels/Wasser;Formgedächtnis-Motor (Nitinol);0.0096;14.3701;125882.1651;442393.2496;0.3163;0.75;0.3
196;12.3355;Bahntunnel (Basistunnel);Gebirgswärme 40 °C Fels/Wasser;Thermogalvanische Zelle;0.0192;28.7402;251764.3302;1709572.9984;0.6111;0.75;0.2
197;12.3288;Industriebetrieb;Abgas 200–400 °C;Thermogalvanische Zelle;0.0942;28.2649;247600.1047;1122329.2332;0.408;0.75;0.2
198;12.3066;Kiesgrube/Steinbruch;Brechervibration;Lineargenerator;0.3;0.3;2628.0;21200.0;0.726;0.75;0.8
199;12.2171;Logistik-/Lagerhalle;LKW-Rampe Anfahren/Bremsen;Lineargenerator;0.8;0.24;2102.4;22400.0;0.9589;0.75;0.8
200;12.2171;Landwirtschaft Feld;Traktor-Hydraulik;Lineargenerator;0.8;0.24;2102.4;21920.0;0.9384;0.75;0.8
201;12.1549;Industriebetrieb;Kühlwasser 30–60 °C;Formgedächtnis-Motor (Nitinol);0.0108;8.6647;75902.8315;275446.2043;0.3266;0.75;0.3
202;12.1383;Fernwärmenetz;Rücklauf 50 °C vs. Grundwasser;Thermomagnetischer Generator (Curie);0.0124;37.1345;325297.8493;1280385.2885;0.3542;0.75;0.1
203;12.1327;Industriebetrieb;Kühlwasser 30–60 °C;Thermogalvanische Zelle;0.0217;17.3294;151805.663;1041784.817;0.6176;0.75;0.2
204;12.0998;Autobahn-Gefällestrecke (LKW-Bremsen);LKW-Bremsenergie bergab;Piezo;0.02;0.8;7008.0;140000.0;1.7979;0.75;0.6
205;12.097;Kläranlage;Faulgas;Mikrobielle Brennstoffzelle;0.05;7.5;65700.0;380000.0;0.5205;0.75;0.3
206;12.0292;Stahlwerk;Walzwerk-Kühlwasser;Thermomagnetischer Generator (Curie);0.0094;28.2885;247807.6379;1221069.9352;0.4435;0.75;0.1
207;12.0287;Industriebetrieb;Maschinenvibration;Lineargenerator;0.3;0.15;1314.0;20600.0;1.411;0.75;0.8
208;12.0187;Molkerei/Brauerei;Brüden/Dampfschwaden;Thermogalvanische Zelle;0.0435;13.0382;114214.3148;606717.3706;0.4781;0.75;0.2
209;12.0107;Rechenzentrum;Server-Abwärme Flüssigkühlung;Thermomagnetischer Generator (Curie);0.0135;27.0149;236650.1576;884475.4615;0.3364;0.75;0.1
210;11.9588;Straßentunnel;Bergwasser 20–30 °C;Formgedächtnis-Motor (Nitinol);0.0066;5.313;46541.5906;211266.8106;0.4085;0.75;0.3
211;11.9367;Straßentunnel;Bergwasser 20–30 °C;Thermogalvanische Zelle;0.0133;10.6259;93083.1811;785067.2422;0.7591;0.75;0.2
212;11.9344;Deponie;Deponiegas;Mikrobielle Brennstoffzelle;0.05;5.0;43800.0;260000.0;0.5342;0.75;0.3
213;11.9114;Kiesgrube/Steinbruch;Schüttgut bergab (Band/LKW);Piezo;0.02;0.5;4380.0;70000.0;1.4384;0.75;0.6
214;11.9095;Biogasanlage;BHKW-Abgas nach Wärmetauscher;Thermogalvanische Zelle;0.0662;9.9305;86991.0626;377497.5174;0.3906;0.75;0.2
215;11.8507;Autobahn (1 km);Asphaltwärme Sommer;Thermoakustik-Motor;0.032;1.9199;16817.9186;72245.8281;0.3866;0.75;0.4
216;11.8278;Eishalle;Kältemaschinen-Abwärme;Formgedächtnis-Motor (Nitinol);0.0096;3.832;33568.5774;160797.7499;0.4311;0.75;0.3
217;11.8059;Bergwerk/Stollen;Grubenwasser warm;Formgedächtnis-Motor (Nitinol);0.0073;3.6286;31786.2444;144549.2942;0.4093;0.75;0.3
218;11.8057;Eishalle;Kältemaschinen-Abwärme;Thermogalvanische Zelle;0.0192;7.6641;67137.1547;583190.9995;0.7818;0.75;0.2
219;11.7838;Bergwerk/Stollen;Grubenwasser warm;Thermogalvanische Zelle;0.0145;7.2571;63572.4889;518197.1768;0.7336;0.75;0.2
220;11.7605;Kläranlage;Abwasserwärme;Thermogalvanische Zelle;0.0076;6.8477;59985.4747;684803.2675;1.0275;0.75;0.2
221;11.7577;Bahntunnel (Basistunnel);Gebirgswärme 40 °C Fels/Wasser;Thermomagnetischer Generator (Curie);0.0096;14.3701;125882.1651;583190.9995;0.417;0.75;0.1
222;11.7061;Gewächshaus;Sommer-Überschusswärme;Formgedächtnis-Motor (Nitinol);0.0094;2.8289;24780.7638;227877.4888;0.8276;0.75;0.3
223;11.6937;Molkerei/Brauerei;Reinigungsabwasser warm;Formgedächtnis-Motor (Nitinol);0.0137;2.7426;24025.598;102279.4454;0.3831;0.75;0.3
224;11.684;Gewächshaus;Sommer-Überschusswärme;Thermogalvanische Zelle;0.0189;5.6577;49561.5276;851509.9551;1.5463;0.75;0.2
225;11.6716;Molkerei/Brauerei;Reinigungsabwasser warm;Thermogalvanische Zelle;0.0274;5.4853;48051.1961;349117.7815;0.6539;0.75;0.2
226;11.6614;Bahntrasse;Schienenschwingung;Lineargenerator;0.3;0.06;525.6;20360.0;3.4863;0.75;0.8
227;11.6526;Deponie;Deponie-Innenwärme 50 °C;Formgedächtnis-Motor (Nitinol);0.0124;2.4756;21686.5233;83019.2644;0.3445;0.75;0.3
228;11.6409;Krankenhaus;Sterilisation-/Küchenabwärme;Formgedächtnis-Motor (Nitinol);0.016;2.4042;21060.7606;85240.3244;0.3643;0.75;0.3
229;11.6305;Deponie;Deponie-Innenwärme 50 °C;Thermogalvanische Zelle;0.0248;4.9513;43373.0466;272077.0577;0.5646;0.75;0.2
230;11.6201;Bäckerei;Backofen-Abgas;Formgedächtnis-Motor (Nitinol);0.038;2.2826;19995.3503;71357.9203;0.3212;0.75;0.3
231;11.6188;Krankenhaus;Sterilisation-/Küchenabwärme;Thermogalvanische Zelle;0.0321;4.8084;42121.5212;280961.2978;0.6003;0.75;0.2
232;11.6145;Wäscherei;Waschabwasser;Formgedächtnis-Motor (Nitinol);0.015;2.2512;19720.8465;84071.3619;0.3837;0.75;0.3
233;11.598;Bäckerei;Backofen-Abgas;Thermogalvanische Zelle;0.0761;4.5651;39990.7006;225431.6813;0.5073;0.75;0.2
234;11.5924;Wäscherei;Waschabwasser;Thermogalvanische Zelle;0.03;4.5025;39441.6929;276285.4475;0.6304;0.75;0.2
235;11.5852;Baustelle;Betonhydratationswärme;Thermoakustik-Motor;0.033;0.9901;8673.2673;37962.668;0.3939;0.75;0.4
236;11.5549;Industriebetrieb;Kühlwasser 30–60 °C;Thermomagnetischer Generator (Curie);0.0108;8.6647;75902.8315;360594.939;0.4276;0.75;0.1
237;11.544;Bergwerk/Stollen;Schachtförderung abwärts;Piezo;0.02;0.2;1752.0;50000.0;2.5685;0.75;0.6
238;11.4518;Rinder-/Schweinestall;Gülle;Mikrobielle Brennstoffzelle;0.05;1.5;13140.0;92000.0;0.6301;0.75;0.3
239;11.4408;Molkerei/Brauerei;Brüden/Dampfschwaden;Thermomagnetischer Generator (Curie);0.0217;6.5191;57107.1574;215572.4569;0.3397;0.75;0.1
240;11.3679;Kühlhaus;Kondensator-Abwärme;Formgedächtnis-Motor (Nitinol);0.0081;1.2169;10660.3927;68980.8822;0.5824;0.75;0.3
241;11.3588;Straßentunnel;Bergwasser 20–30 °C;Thermomagnetischer Generator (Curie);0.0066;5.313;46541.5906;275022.4141;0.5318;0.75;0.1
242;11.3458;Kühlhaus;Kondensator-Abwärme;Thermogalvanische Zelle;0.0162;2.4339;21320.7853;215923.5288;0.9115;0.75;0.2
243;11.3012;Straßentunnel;Tunnelluft vs. Außenluft Winter;Formgedächtnis-Motor (Nitinol);0.0069;1.0304;9026.2751;81823.8022;0.8159;0.75;0.3
244;11.2795;Hackschnitzel-/Kompostplatz;Rottewärme;Formgedächtnis-Motor (Nitinol);0.0163;0.9759;8548.8688;42951.0632;0.4522;0.75;0.3
245;11.2791;Straßentunnel;Tunnelluft vs. Außenluft Winter;Thermogalvanische Zelle;0.0137;2.0608;18052.5502;267295.2087;1.3326;0.75;0.2
246;11.272;Biogasanlage;Gärrest warm;Formgedächtnis-Motor (Nitinol);0.0096;0.958;8392.1443;48159.55;0.5165;0.75;0.3
247;11.2662;Skigebiet;Seilbahn talwärts beladen;Piezo;0.02;0.1;876.0;35000.0;3.5959;0.75;0.6
248;11.2573;Hackschnitzel-/Kompostplatz;Rottewärme;Thermogalvanische Zelle;0.0325;1.9518;17097.7377;111804.2527;0.5885;0.75;0.2
249;11.2499;Biogasanlage;Gärrest warm;Thermogalvanische Zelle;0.0192;1.916;16784.2887;132638.1999;0.7112;0.75;0.2
250;11.2278;Eishalle;Kältemaschinen-Abwärme;Thermomagnetischer Generator (Curie);0.0096;3.832;33568.5774;207730.3332;0.5569;0.75;0.1
251;11.2059;Bergwerk/Stollen;Grubenwasser warm;Thermomagnetischer Generator (Curie);0.0073;3.6286;31786.2444;186065.7256;0.5268;0.75;0.1
252;11.1103;Autobahn (1 km);Asphaltwärme Sommer;Formgedächtnis-Motor (Nitinol);0.0107;0.64;5605.9729;63538.1901;1.0201;0.75;0.3
253;11.1061;Gewächshaus;Sommer-Überschusswärme;Thermomagnetischer Generator (Curie);0.0094;2.8289;24780.7638;297169.985;1.0793;0.75;0.1
254;11.1057;Kläranlage;Abwasserwärme;Thermoelektrik (TEG);0.0046;4.1086;35991.2848;126368.5228;0.316;0.5;0.8
255;11.1056;Autobahn (1 km);Fahrbahnschwingung;Lineargenerator;0.3;0.015;131.4;20090.0;13.7603;0.75;0.8
256;11.0937;Molkerei/Brauerei;Reinigungsabwasser warm;Thermomagnetischer Generator (Curie);0.0137;2.7426;24025.598;129705.9272;0.4859;0.75;0.1
257;11.0882;Autobahn (1 km);Asphaltwärme Sommer;Thermogalvanische Zelle;0.0213;1.2799;11211.9458;194152.7604;1.5585;0.75;0.2
258;11.082;Rinder-/Schweinestall;Tierwärme Abluft;Formgedächtnis-Motor (Nitinol);0.0075;0.5963;5223.649;42173.6988;0.7266;0.75;0.3
259;11.0686;Hallen-/Freibad;Duschabwasser;Formgedächtnis-Motor (Nitinol);0.0072;0.5768;5052.466;44746.5958;0.7971;0.75;0.3
260;11.0604;Gasnetz-Druckregelstation;Entspannungskälte;Formgedächtnis-Motor (Nitinol);0.0141;0.5651;4950.0265;35583.0702;0.647;0.75;0.3
261;11.0598;Rinder-/Schweinestall;Tierwärme Abluft;Thermogalvanische Zelle;0.0149;1.1926;10447.298;108694.7954;0.9364;0.75;0.2
262;11.0526;Deponie;Deponie-Innenwärme 50 °C;Thermomagnetischer Generator (Curie);0.0124;2.4756;21686.5233;104025.6859;0.4317;0.75;0.1
263;11.0465;Hallen-/Freibad;Duschabwasser;Thermogalvanische Zelle;0.0144;1.1535;10104.932;118986.3832;1.0598;0.75;0.2
264;11.0409;Krankenhaus;Sterilisation-/Küchenabwärme;Thermomagnetischer Generator (Curie);0.016;2.4042;21060.7606;106987.0993;0.4572;0.75;0.1
265;11.0383;Gasnetz-Druckregelstation;Entspannungskälte;Thermogalvanische Zelle;0.0283;1.1301;9900.053;82332.2806;0.7485;0.75;0.2
266;11.0292;Gewächshaus;Sommer-Überschusswärme;Thermoelektrik (TEG);0.0113;3.3946;29736.9165;153041.5928;0.4632;0.5;0.8
267;11.0201;Bäckerei;Backofen-Abgas;Thermomagnetischer Generator (Curie);0.038;2.2826;19995.3503;88477.2271;0.3982;0.75;0.1
268;11.0145;Wäscherei;Waschabwasser;Thermomagnetischer Generator (Curie);0.015;2.2512;19720.8465;105428.4825;0.4811;0.75;0.1
269;10.9883;Kiesgrube/Steinbruch;Brechervibration;Piezo;0.05;0.05;438.0;25000.0;5.137;0.75;0.6
270;10.8988;Baustelle;Bagger-Hydraulik absenken;Piezo;0.02;0.04;350.4;28000.0;7.1918;0.75;0.6
271;10.8988;Aufzug Hochhaus;Kabine abwärts beladen;Piezo;0.02;0.04;350.4;30000.0;7.7055;0.75;0.6
272;10.8963;Rinder-/Schweinestall;Mist-Kompostwärme;Formgedächtnis-Motor (Nitinol);0.015;0.3752;3286.8077;29254.7523;0.8011;0.75;0.3
273;10.8741;Rinder-/Schweinestall;Mist-Kompostwärme;Thermogalvanische Zelle;0.03;0.7504;6573.6155;57019.0091;0.7807;0.75;0.2
274;10.8448;Baustelle;Betonhydratationswärme;Formgedächtnis-Motor (Nitinol);0.011;0.33;2891.0891;34968.89;1.0886;0.75;0.3
275;10.8227;Baustelle;Betonhydratationswärme;Thermogalvanische Zelle;0.022;0.6601;5782.1782;79875.5601;1.2433;0.75;0.2
276;10.7835;Baustelle;Kranlast absenken;Piezo;0.02;0.03;262.8;27500.0;9.4178;0.75;0.6
277;10.7679;Kühlhaus;Kondensator-Abwärme;Thermomagnetischer Generator (Curie);0.0081;1.2169;10660.3927;85307.8429;0.7202;0.75;0.1
278;10.7043;Trinkwasser-Hochbehälter;Wasser 8 °C vs. Luft;Thermogalvanische Zelle;0.0082;0.4912;4303.053;96098.8711;2.0099;0.75;0.2
279;10.7012;Straßentunnel;Tunnelluft vs. Außenluft Winter;Thermomagnetischer Generator (Curie);0.0069;1.0304;9026.2751;102431.7362;1.0213;0.75;0.1
280;10.691;Kühlhaus;Kondensator-Abwärme;Thermoelektrik (TEG);0.0097;1.4603;12792.4712;51347.7646;0.3613;0.5;0.8
281;10.6795;Hackschnitzel-/Kompostplatz;Rottewärme;Thermomagnetischer Generator (Curie);0.0163;0.9759;8548.8688;50601.4176;0.5327;0.75;0.1
282;10.672;Biogasanlage;Gärrest warm;Thermomagnetischer Generator (Curie);0.0096;0.958;8392.1443;57546.0666;0.6171;0.75;0.1
283;10.6243;Straßentunnel;Tunnelluft vs. Außenluft Winter;Thermoelektrik (TEG);0.0082;1.2365;10831.5301;59567.2334;0.4949;0.5;0.8
284;10.6025;Hackschnitzel-/Kompostplatz;Rottewärme;Thermoelektrik (TEG);0.0195;1.1711;10258.6426;34688.6804;0.3043;0.5;0.8
285;10.5951;Biogasanlage;Gärrest warm;Thermoelektrik (TEG);0.0115;1.1496;10070.5732;38022.112;0.3398;0.5;0.8
286;10.5625;Autobahn (1 km);Asphaltwärme Sommer;Stirlingmotor;0.0373;2.2398;19620.9051;70794.5551;0.3247;0.5;0.7
287;10.5315;Logistik-/Lagerhalle;Regalbediengerät absenken;Piezo;0.02;0.016;140.16;23200.0;14.8973;0.75;0.6
288;10.5103;Autobahn (1 km);Asphaltwärme Sommer;Thermomagnetischer Generator (Curie);0.0107;0.64;5605.9729;78050.9201;1.2531;0.75;0.1
289;10.482;Rinder-/Schweinestall;Tierwärme Abluft;Thermomagnetischer Generator (Curie);0.0075;0.5963;5223.649;49564.9318;0.854;0.75;0.1
290;10.4686;Hallen-/Freibad;Duschabwasser;Thermomagnetischer Generator (Curie);0.0072;0.5768;5052.466;52995.4611;0.944;0.75;0.1
291;10.4604;Gasnetz-Druckregelstation;Entspannungskälte;Thermomagnetischer Generator (Curie);0.0141;0.5651;4950.0265;40777.4269;0.7414;0.75;0.1
292;10.4335;Straßentunnel;Lüftungs-/Kolbenwind;Elektrostatischer Kondensator-Generator;0.05;0.25;2190.0;65000.0;2.6712;0.75;0.2
293;10.4334;Autobahn (1 km);Asphaltwärme Sommer;Thermoelektrik (TEG);0.0128;0.7679;6727.1675;47864.4417;0.6404;0.5;0.8
294;10.4051;Rinder-/Schweinestall;Tierwärme Abluft;Thermoelektrik (TEG);0.0089;0.7156;6268.3788;34191.1673;0.4909;0.5;0.8
295;10.3917;Hallen-/Freibad;Duschabwasser;Thermoelektrik (TEG);0.0087;0.6921;6062.9592;35837.8213;0.532;0.5;0.8
296;10.3835;Gasnetz-Druckregelstation;Entspannungskälte;Thermoelektrik (TEG);0.017;0.6781;5940.0318;29973.1649;0.4541;0.5;0.8
297;10.3431;Autobahn (1 km);Bremsen vor Mautstelle/Abfahrt;Piezo;0.02;0.01;87.6;22500.0;23.1164;0.75;0.6
298;10.3431;Fitnessstudio;Trainingsgeräte;Piezo;0.02;0.01;87.6;21500.0;22.089;0.75;0.6
299;10.297;Baustelle;Betonhydratationswärme;Stirlingmotor;0.0385;1.1551;10118.8119;37463.705;0.3332;0.5;0.7
300;10.2963;Rinder-/Schweinestall;Mist-Kompostwärme;Thermomagnetischer Generator (Curie);0.015;0.3752;3286.8077;32339.6697;0.8855;0.75;0.1
301;10.2504;Logistik-/Lagerhalle;Hallenluft oben/unten;Thermogalvanische Zelle;0.0079;0.1583;1387.0361;44529.5333;2.8894;0.75;0.2
302;10.2448;Baustelle;Betonhydratationswärme;Thermomagnetischer Generator (Curie);0.011;0.33;2891.0891;39958.52;1.2439;0.75;0.1
303;10.2287;Rechenzentrum;Kühlturm-Abluft;Elektrostatischer Kondensator-Generator;0.05;0.15;1314.0;33500.0;2.2945;0.75;0.2
304;10.2193;Rinder-/Schweinestall;Mist-Kompostwärme;Thermoelektrik (TEG);0.018;0.4502;3944.1693;25923.0415;0.5915;0.5;0.8
305;10.1679;Baustelle;Betonhydratationswärme;Thermoelektrik (TEG);0.0132;0.396;3469.3069;29580.0896;0.7674;0.5;0.8
306;10.1383;Logistik-/Lagerhalle;LKW-Rampe Anfahren/Bremsen;Piezo;0.02;0.006;52.56;21500.0;36.8151;0.75;0.6
307;10.1383;Parkhaus;Autos Rampe abwärts;Piezo;0.02;0.006;52.56;21500.0;36.8151;0.75;0.6
308;10.1383;Landwirtschaft Feld;Traktor-Hydraulik;Piezo;0.02;0.006;52.56;21200.0;36.3014;0.75;0.6
309;10.0662;Kiesgrube/Steinbruch;Brechervibration;Elektrostatischer Kondensator-Generator;0.1;0.1;876.0;32000.0;3.2877;0.75;0.2
310;10.0662;Gebäudefassade Hochhaus;Eckwind;Elektrostatischer Kondensator-Generator;0.05;0.1;876.0;44000.0;4.5205;0.75;0.2
311;10.0495;Trinkwasser-Hochbehälter;Wasser 8 °C vs. Luft;Thermoelektrik (TEG);0.0049;0.2947;2581.8318;32175.8194;1.1216;0.5;0.8
312;9.9508;Bahntrasse;Fahrtwind Zug;Elektrostatischer Kondensator-Generator;0.05;0.075;657.0;38000.0;5.2055;0.75;0.2
313;9.8962;Autobahn (1 km);Bremsen vor Mautstelle/Abfahrt;Elektromotor rekuperativ;0.85;0.425;3723.0;22550.0;0.5451;0.4;1.0
314;9.8835;Kiesgrube/Steinbruch;Brechervibration;Triboelektrisch;0.03;0.03;262.8;24800.0;8.4932;0.75;0.3
315;9.7883;Industriebetrieb;Maschinenvibration;Elektrostatischer Kondensator-Generator;0.1;0.05;438.0;26000.0;5.3425;0.75;0.2
316;9.6988;Autobahn (1 km);Fahrtwind LKW;Elektrostatischer Kondensator-Generator;0.05;0.04;350.4;29600.0;7.6027;0.75;0.2
317;9.6914;Logistik-/Lagerhalle;LKW-Rampe Anfahren/Bremsen;Elektromotor rekuperativ;0.85;0.255;2233.8;21530.0;0.8674;0.4;1.0
318;9.6914;Parkhaus;Autos Rampe abwärts;Elektromotor rekuperativ;0.85;0.255;2233.8;21530.0;0.8674;0.4;1.0
319;9.6914;Landwirtschaft Feld;Traktor-Hydraulik;Elektromotor rekuperativ;0.85;0.255;2233.8;21224.0;0.8551;0.4;1.0
320;9.6056;Industriebetrieb;Maschinenvibration;Triboelektrisch;0.03;0.015;131.4;22400.0;15.3425;0.75;0.3
321;9.597;Baustelle;Kranlast absenken;Hydraulikspeicher + Generator;0.6;0.9;7884.0;28100.0;0.3208;0.4;0.8
322;9.5956;Logistik-/Lagerhalle;Hallenluft oben/unten;Thermoelektrik (TEG);0.0048;0.095;832.2217;23924.7253;2.5873;0.5;0.8
323;9.595;Kläranlage;Klärschlamm organisch;Mikrobielle Brennstoffzelle;0.1;4.0;35040.0;212000.0;0.5445;0.5;0.3
324;9.421;Bahntrasse;Schienenschwingung;Elektrostatischer Kondensator-Generator;0.1;0.02;175.2;23600.0;12.1233;0.75;0.2
325;9.345;Logistik-/Lagerhalle;Regalbediengerät absenken;Hydraulikspeicher + Generator;0.6;0.48;4204.8;23456.0;0.5021;0.4;0.8
326;9.2383;Bahntrasse;Schienenschwingung;Triboelektrisch;0.03;0.006;52.56;21440.0;36.7123;0.75;0.3
327;9.1566;Autobahn (1 km);Bremsen vor Mautstelle/Abfahrt;Hydraulikspeicher + Generator;0.6;0.3;2628.0;22700.0;0.7774;0.4;0.8
328;9.1566;Fitnessstudio;Trainingsgeräte;Hydraulikspeicher + Generator;0.6;0.3;2628.0;21620.0;0.7404;0.4;0.8
329;9.0671;Parkhaus;Autos Rampe abwärts;Lineargenerator;0.8;0.24;2102.4;22400.0;0.9589;0.4;0.8
330;9.0392;Deponie;Sickerwasser organisch;Mikrobielle Brennstoffzelle;0.1;1.0;8760.0;68000.0;0.6986;0.5;0.3
331;8.9518;Logistik-/Lagerhalle;LKW-Rampe Anfahren/Bremsen;Hydraulikspeicher + Generator;0.6;0.18;1576.8;21620.0;1.234;0.4;0.8
332;8.9518;Parkhaus;Autos Rampe abwärts;Hydraulikspeicher + Generator;0.6;0.18;1576.8;21620.0;1.234;0.4;0.8
333;8.9518;Landwirtschaft Feld;Traktor-Hydraulik;Hydraulikspeicher + Generator;0.6;0.18;1576.8;21296.0;1.2155;0.4;0.8
334;8.8652;Autobahn (1 km);Fahrbahnschwingung;Elektrostatischer Kondensator-Generator;0.1;0.005;43.8;20900.0;42.9452;0.75;0.2
335;8.7191;Bahntrasse;Fahrtwind Zug;Kleinwindturbine;0.3;0.45;3942.0;27200.0;0.621;0.3;0.9
336;8.6825;Autobahn (1 km);Fahrbahnschwingung;Triboelektrisch;0.03;0.0015;13.14;20360.0;139.4521;0.75;0.3
337;8.4671;Autobahn (1 km);Fahrtwind LKW;Kleinwindturbine;0.3;0.24;2102.4;23840.0;1.0205;0.3;0.9
338;8.3719;Autobahn (1 km);Bremsen vor Mautstelle/Abfahrt;Lineargenerator;0.8;0.4;3504.0;24000.0;0.6164;0.3;0.8
339;7.9345;Gebäudefassade Hochhaus;Eckwind;Kleinwindturbine;0.3;0.6;5256.0;29600.0;0.5068;0.2;0.9
340;7.1962;Fitnessstudio;Trainingsgeräte;Elektromotor rekuperativ;0.85;0.425;3723.0;21530.0;0.5205;0.1;1.0
341;7.1931;Bahntrasse;Schienenschwingung;Piezo;0.05;0.01;87.6;21500.0;22.089;0.4;0.6
342;6.6604;Industriebetrieb;Maschinenvibration;Piezo;0.05;0.025;219.0;22500.0;9.2466;0.3;0.6
343;6.4846;Logistik-/Lagerhalle;Regalbediengerät absenken;Elektromotor rekuperativ;0.85;0.68;5956.8;23264.0;0.3515;0.0;1.0
344;4.8373;Autobahn (1 km);Fahrbahnschwingung;Piezo;0.05;0.0025;21.9;20375.0;83.7329;0.2;0.6
