Kampagne,Anzeigengruppe,Keyword,Übereinstimmungstyp,Herkunft,Marke
Baustoffe WDVS,WDVS,WDVS Kleber,Phrase,Gattung,
Baustoffe WDVS,WDVS,WDVS Kleber,Exakt,Gattung,
Baustoffe WDVS,WDVS,Klebe und Spachtelmasse,Phrase,Gattung,
Baustoffe WDVS,WDVS,Klebe und Spachtelmasse,Exakt,Gattung,
Baustoffe WDVS,WDVS,Armierungsmörtel,Phrase,Gattung,
Baustoffe WDVS,WDVS,Armierungsmörtel,Exakt,Gattung,
Baustoffe WDVS,WDVS,Armierungsgewebe,Phrase,Gattung,
Baustoffe WDVS,WDVS,Armierungsgewebe,Exakt,Gattung,
Baustoffe WDVS,WDVS,Fassadendübel,Phrase,Gattung,
Baustoffe WDVS,WDVS,Fassadendübel,Exakt,Gattung,
Baustoffe WDVS,WDVS,Putzgrund Fassade,Phrase,Gattung,
Baustoffe WDVS,WDVS,Putzgrund Fassade,Exakt,Gattung,
Baustoffe WDVS,WDVS,WDVS System kaufen,Phrase,Gattung,
Baustoffe WDVS,WDVS,WDVS System kaufen,Exakt,Gattung,
Baustoffe WDVS,WDVS,Fassadendämmung Material,Phrase,Gattung,
Baustoffe WDVS,WDVS,Fassadendämmung Material,Exakt,Gattung,
Baustoffe WDVS,WDVS,Baumit TextilglasGitter,Phrase,Marke,Baumit
Baustoffe WDVS,WDVS,Baumit TextilglasGitter,Exakt,Marke,Baumit
Baustoffe WDVS,WDVS,Capatect Gewebeanschlussleiste 3D Universal Plus,Phrase,Marke,Capatect
Baustoffe WDVS,WDVS,Capatect Gewebeanschlussleiste 3D Universal Plus,Exakt,Marke,Capatect
Baustoffe WDVS,WDVS,Capatect Glasgewebe M,Phrase,Marke,Capatect
Baustoffe WDVS,WDVS,Capatect Glasgewebe M,Exakt,Marke,Capatect
Baustoffe WDVS,WDVS,"Capatect 11,5 13,5",Phrase,Typkennung,Capatect
Baustoffe WDVS,WDVS,"Capatect 11,5 13,5",Exakt,Typkennung,Capatect
Baustoffe WDVS,WDVS,Capatect 186 M,Phrase,Typkennung,Capatect
Baustoffe WDVS,WDVS,Capatect 186 M,Exakt,Typkennung,Capatect
Baustoffe WDVS,WDVS,Capatect 190 FEIN,Phrase,Typkennung,Capatect
Baustoffe WDVS,WDVS,Capatect 190 FEIN,Exakt,Typkennung,Capatect
Baustoffe WDVS,WDVS,Capatect Putzgrund,Phrase,Marke,Capatect
Baustoffe WDVS,WDVS,Capatect Putzgrund,Exakt,Marke,Capatect
Baustoffe Dämmung,Dämmung,XPS Platten kaufen,Phrase,Gattung,
Baustoffe Dämmung,Dämmung,XPS Platten kaufen,Exakt,Gattung,
Baustoffe Dämmung,Dämmung,XPS 80 mm,Phrase,Gattung,
Baustoffe Dämmung,Dämmung,XPS 80 mm,Exakt,Gattung,
Baustoffe Dämmung,Dämmung,XPS 100 mm,Phrase,Gattung,
Baustoffe Dämmung,Dämmung,XPS 100 mm,Exakt,Gattung,
Baustoffe Dämmung,Dämmung,Perimeterdämmung XPS,Phrase,Gattung,
Baustoffe Dämmung,Dämmung,Perimeterdämmung XPS,Exakt,Gattung,
Baustoffe Dämmung,Dämmung,EPS Fassadenplatten,Phrase,Gattung,
Baustoffe Dämmung,Dämmung,EPS Fassadenplatten,Exakt,Gattung,
Baustoffe Dämmung,Dämmung,Dämmplatten palettenweise,Phrase,Gattung,
Baustoffe Dämmung,Dämmung,Dämmplatten palettenweise,Exakt,Gattung,
Baustoffe Dämmung,Dämmung,XPS Palette,Phrase,Gattung,
Baustoffe Dämmung,Dämmung,XPS Palette,Exakt,Gattung,
Baustoffe Dämmung,Dämmung,Perimeterdämmung druckfest,Phrase,Gattung,
Baustoffe Dämmung,Dämmung,Perimeterdämmung druckfest,Exakt,Gattung,
Baustoffe Dämmung,Dämmung,Isover TDPT 20,Phrase,Typkennung,Isover
Baustoffe Dämmung,Dämmung,Isover TDPT 20,Exakt,Typkennung,Isover
Baustoffe Kamin,Kamin,Schiedel Kamin,Phrase,Gattung,Schiedel
Baustoffe Kamin,Kamin,Schiedel Kamin,Exakt,Gattung,Schiedel
Baustoffe Kamin,Kamin,Kaminsystem einzügig,Phrase,Gattung,
Baustoffe Kamin,Kamin,Kaminsystem einzügig,Exakt,Gattung,
Baustoffe Kamin,Kamin,Mantelstein Kamin,Phrase,Gattung,
Baustoffe Kamin,Kamin,Mantelstein Kamin,Exakt,Gattung,
Baustoffe Kamin,Kamin,Kaminrohr gedämmt,Phrase,Gattung,
Baustoffe Kamin,Kamin,Kaminrohr gedämmt,Exakt,Gattung,
Baustoffe Kamin,Kamin,Kamin Fertigfuß,Phrase,Gattung,
Baustoffe Kamin,Kamin,Kamin Fertigfuß,Exakt,Gattung,
Baustoffe Kamin,Kamin,Kaminkopf Regenhaube,Phrase,Gattung,
Baustoffe Kamin,Kamin,Kaminkopf Regenhaube,Exakt,Gattung,
Baustoffe Kamin,Kamin,Schornstein Bausatz,Phrase,Gattung,
Baustoffe Kamin,Kamin,Schornstein Bausatz,Exakt,Gattung,
Baustoffe Kamin,Kamin,Schiedel Fugenmasse FM,Phrase,Marke,Schiedel
Baustoffe Kamin,Kamin,Schiedel Fugenmasse FM,Exakt,Marke,Schiedel
Baustoffe Kamin,Kamin,SIK Zuluftplatte EZ 16-18,Phrase,Marke,SIK
Baustoffe Kamin,Kamin,SIK Zuluftplatte EZ 16-18,Exakt,Marke,SIK
Baustoffe Kamin,Kamin,SIKM Fertigfußpaket,Phrase,Marke,SIKM
Baustoffe Kamin,Kamin,SIKM Fertigfußpaket,Exakt,Marke,SIKM
Baustoffe Kamin,Kamin,SIKM Putztüranschlusspaket oben,Phrase,Marke,SIKM
Baustoffe Kamin,Kamin,SIKM Putztüranschlusspaket oben,Exakt,Marke,SIKM
Baustoffe Kamin,Kamin,SIKM Rohr 133cm gedämmt,Phrase,Marke,SIKM
Baustoffe Kamin,Kamin,SIKM Rohr 133cm gedämmt,Exakt,Marke,SIKM
Baustoffe Kanal,Kanal,Kanalrohr DN 100,Phrase,Gattung,
Baustoffe Kanal,Kanal,Kanalrohr DN 100,Exakt,Gattung,
Baustoffe Kanal,Kanal,PVC Kanalrohr,Phrase,Gattung,
Baustoffe Kanal,Kanal,PVC Kanalrohr,Exakt,Gattung,
Baustoffe Kanal,Kanal,Kanalbogen DN 100,Phrase,Gattung,
Baustoffe Kanal,Kanal,Kanalbogen DN 100,Exakt,Gattung,
Baustoffe Kanal,Kanal,Kanalabzweiger 45 Grad,Phrase,Gattung,
Baustoffe Kanal,Kanal,Kanalabzweiger 45 Grad,Exakt,Gattung,
Baustoffe Kanal,Kanal,Kanalschacht 800,Phrase,Gattung,
Baustoffe Kanal,Kanal,Kanalschacht 800,Exakt,Gattung,
Baustoffe Kanal,Kanal,Drainage Grundmauerschutz,Phrase,Gattung,
Baustoffe Kanal,Kanal,Drainage Grundmauerschutz,Exakt,Gattung,
Baustoffe Kanal,Kanal,Noppenbahn Grundmauer,Phrase,Gattung,
Baustoffe Kanal,Kanal,Noppenbahn Grundmauer,Exakt,Gattung,
Baustoffe Mörtel,Mörtel,Baumit ThermoMörtel,Phrase,Gattung,Baumit
Baustoffe Mörtel,Mörtel,Baumit ThermoMörtel,Exakt,Gattung,Baumit
Baustoffe Mörtel,Mörtel,Leichtmörtel Palette,Phrase,Gattung,
Baustoffe Mörtel,Mörtel,Leichtmörtel Palette,Exakt,Gattung,
Baustoffe Mörtel,Mörtel,Mauermörtel Palette,Phrase,Gattung,
Baustoffe Mörtel,Mörtel,Mauermörtel Palette,Exakt,Gattung,
Baustoffe Mörtel,Mörtel,Vergussmörtel 25 kg,Phrase,Gattung,
Baustoffe Mörtel,Mörtel,Vergussmörtel 25 kg,Exakt,Gattung,
Baustoffe Mörtel,Mörtel,Baumit KlebeSpachtel,Phrase,Marke,Baumit
Baustoffe Mörtel,Mörtel,Baumit KlebeSpachtel,Exakt,Marke,Baumit
Baustoffe Mörtel,Mörtel,Ravenit Vergussmörtel,Phrase,Marke,Ravenit
Baustoffe Mörtel,Mörtel,Ravenit Vergussmörtel,Exakt,Marke,Ravenit
Baustoffe Mauerwerk,Mauerwerk,Planziegel kaufen,Phrase,Gattung,
Baustoffe Mauerwerk,Mauerwerk,Planziegel kaufen,Exakt,Gattung,
Baustoffe Mauerwerk,Mauerwerk,Hochlochziegel Palette,Phrase,Gattung,
Baustoffe Mauerwerk,Mauerwerk,Hochlochziegel Palette,Exakt,Gattung,
Baustoffe Mauerwerk,Mauerwerk,Ökotherm Ziegel,Phrase,Gattung,Ökotherm
Baustoffe Mauerwerk,Mauerwerk,Ökotherm Ziegel,Exakt,Gattung,Ökotherm
Baustoffe Mauerwerk,Mauerwerk,Ziegel 50 cm,Phrase,Gattung,
Baustoffe Mauerwerk,Mauerwerk,Ziegel 50 cm,Exakt,Gattung,
Baustoffe Mauerwerk,Mauerwerk,Ökotherm HL N+F,Phrase,Typkennung,Ökotherm
Baustoffe Mauerwerk,Mauerwerk,Ökotherm HL N+F,Exakt,Typkennung,Ökotherm
