Liste,Thema,Keyword,Übereinstimmungstyp
Baustoffe — Ausschluss,Preis und Menge,günstig,Phrase
Baustoffe — Ausschluss,Preis und Menge,billig,Phrase
Baustoffe — Ausschluss,Preis und Menge,gebraucht,Phrase
Baustoffe — Ausschluss,Preis und Menge,restposten,Phrase
Baustoffe — Ausschluss,Preis und Menge,einzeln,Phrase
Baustoffe — Ausschluss,Preis und Menge,einzelsack,Phrase
Baustoffe — Ausschluss,Preis und Menge,kleinmenge,Phrase
Baustoffe — Ausschluss,Preis und Menge,muster,Phrase
Baustoffe — Ausschluss,Preis und Menge,probe,Phrase
Baustoffe — Ausschluss,Preis und Menge,reststück,Phrase
Baustoffe — Ausschluss,Wettbewerb,baumarkt,Phrase
Baustoffe — Ausschluss,Wettbewerb,obi,Phrase
Baustoffe — Ausschluss,Wettbewerb,hornbach,Phrase
Baustoffe — Ausschluss,Wettbewerb,bauhaus,Phrase
Baustoffe — Ausschluss,Wettbewerb,lagerhaus,Phrase
Baustoffe — Ausschluss,Wettbewerb,hagebau,Phrase
Baustoffe — Ausschluss,Wettbewerb,amazon,Phrase
Baustoffe — Ausschluss,Wettbewerb,willhaben,Phrase
Baustoffe — Ausschluss,Suche ohne Kaufabsicht,anleitung,Phrase
Baustoffe — Ausschluss,Suche ohne Kaufabsicht,wie,Phrase
Baustoffe — Ausschluss,Suche ohne Kaufabsicht,video,Phrase
Baustoffe — Ausschluss,Suche ohne Kaufabsicht,youtube,Phrase
Baustoffe — Ausschluss,Suche ohne Kaufabsicht,erfahrung,Phrase
Baustoffe — Ausschluss,Suche ohne Kaufabsicht,test,Phrase
Baustoffe — Ausschluss,Suche ohne Kaufabsicht,vergleich,Phrase
Baustoffe — Ausschluss,Suche ohne Kaufabsicht,berechnen,Phrase
Baustoffe — Ausschluss,Suche ohne Kaufabsicht,rechner,Phrase
Baustoffe — Ausschluss,Suche ohne Kaufabsicht,wikipedia,Phrase
Baustoffe — Ausschluss,Suche ohne Kaufabsicht,was ist,Phrase
Baustoffe — Ausschluss,Falsche Absicht,job,Phrase
Baustoffe — Ausschluss,Falsche Absicht,jobs,Phrase
Baustoffe — Ausschluss,Falsche Absicht,lehre,Phrase
Baustoffe — Ausschluss,Falsche Absicht,gehalt,Phrase
Baustoffe — Ausschluss,Falsche Absicht,praktikum,Phrase
Baustoffe — Ausschluss,Falsche Absicht,miete,Phrase
Baustoffe — Ausschluss,Falsche Absicht,mieten,Phrase
Baustoffe — Ausschluss,Falsche Absicht,leihen,Phrase
Baustoffe — Ausschluss,Falsche Absicht,verleih,Phrase
Baustoffe — Ausschluss,Falsche Absicht,entsorgung,Phrase
Baustoffe — Ausschluss,Falsche Absicht,entsorgen,Phrase
Baustoffe — Ausschluss,Falsche Absicht,reparatur,Phrase
Baustoffe — Ausschluss,Außerhalb des Liefergebiets,wien,Phrase
Baustoffe — Ausschluss,Außerhalb des Liefergebiets,graz,Phrase
Baustoffe — Ausschluss,Außerhalb des Liefergebiets,salzburg,Phrase
Baustoffe — Ausschluss,Außerhalb des Liefergebiets,innsbruck,Phrase
Baustoffe — Ausschluss,Außerhalb des Liefergebiets,klagenfurt,Phrase
Baustoffe — Ausschluss,Außerhalb des Liefergebiets,villach,Phrase
Baustoffe — Ausschluss,Außerhalb des Liefergebiets,wels,Phrase
Baustoffe — Ausschluss,Außerhalb des Liefergebiets,steyr,Phrase
Baustoffe — Ausschluss,Außerhalb des Liefergebiets,st. pölten,Phrase
Baustoffe — Ausschluss,Außerhalb des Liefergebiets,dornbirn,Phrase
Baustoffe — Ausschluss,Außerhalb des Liefergebiets,bregenz,Phrase
Baustoffe — Ausschluss,Außerhalb des Liefergebiets,tirol,Phrase
Baustoffe — Ausschluss,Außerhalb des Liefergebiets,vorarlberg,Phrase
Baustoffe — Ausschluss,Außerhalb des Liefergebiets,kärnten,Phrase
Baustoffe — Ausschluss,Außerhalb des Liefergebiets,burgenland,Phrase
Baustoffe — Ausschluss,Außerhalb des Liefergebiets,steiermark,Phrase
Baustoffe — Ausschluss,Außerhalb des Liefergebiets,deutschland,Phrase
Baustoffe — Ausschluss,Außerhalb des Liefergebiets,bayern,Phrase
Baustoffe — Ausschluss,Außerhalb des Liefergebiets,passau,Phrase
Baustoffe — Ausschluss,Privatkunde,privat,Phrase
Baustoffe — Ausschluss,Privatkunde,heimwerker,Phrase
Baustoffe — Ausschluss,Privatkunde,diy,Phrase
Baustoffe — Ausschluss,Privatkunde,selber machen,Phrase
Baustoffe — Ausschluss,Privatkunde,für zuhause,Phrase
Baustoffe — Ausschluss,Privatkunde,hobby,Phrase
